node 1,node 2,rho,p-value
A,B,-1.00000,0.00000
A,C,-1.00000,0.00000
B,C,1.00000,0.00000
